Indicator,Definition,Notes,Disclosure
Data acquisition methods,What methods does the developer use to acquire data used to build the model?,"Which of the following data acquisition methods does the developer use: â€¨
(i) acquiring existing public datasets,
(ii) crawling the web,
(iii) using data acquired via its existing products and services,
(iv) licensing existing data from external parties,
(v) having humans create or annotate new data, 
(vi) using models to generate new data,â€¨ or
(vii) other data acquisition methods not captured by the above.

For example, if the developer uses reinforcement learning from human feedback to train models using model-generated outputs with human preference annotations, this would satisfy categories (v) and (vi).

Alternatively, if the developer post-trains its model using off-the-shelf preference data (for example, the Alpaca dataset), this would satisfy category (i).",No information provided about data acquisition.
Public datasets,What are the top-5 sources (by volume) of publicly available datasets acquired for building the model?,We define a source as the entity or means by which the developer acquires data. We define the top-5 sources as the top-5 sources by data volume. ,No information provided about data acquisition.
Crawling,"If data collection involves web-crawling, what is the crawler name and opt-out protocol?","We award this point for disclosure of the crawler name and opt-out protocols, including if/how they respect the Robots Exclusion Protocol (robots.txt).",No information provided about data acquisition.
Usage data used in training,What are the top-5 sources (by volume) of usage data from the developer's products and services that are used for building the model?,We define usage data as data collected from the use of a developer's products or services.,"""User Content: You may provide personal information in prompts and other content you input, such as files, images, audio, voice, video, and other material (â€œInputâ€). Outputs of the Service (â€œOutputâ€), including responses Grok generates, are based on your Input (together, ""User Content""). If you include personal information in Inputs you provide to the Service, this information may be reproduced in the Output.

How we may collect it: Directly from you.
How we may use it: To provide, analyze, and maintain our Service; to provide support and assistance in relation to our Service; to develop and improve our Service and to conduct research; to ensure the security and integrity of our Service; for legal purposes.
How we may disclose it: To our contracted service providers; in connection with business transfers, for legal purposes; and to our related companies.
Feedback Data: Where applicable, we will collect your Feedback (as defined in our Terms of Service). This might arise if, for example, in a given conversation with Grok, you rate an Output using the thumbs-up/thumbs-down icons.

How we may collect it: Directly from you.
How we may use it: To provide, analyze, and maintain our Service; to provide support and assistance in relation to our Service; to develop and improve our Service and to conduct research; to ensure the security and integrity of our Service; for legal purposes.
How we may disclose it: To our contracted service providers; in connection with business transfers, for legal purposes; and to our related companies."""
Notice of usage data used in training,"For the top-5 sources of usage data, how are users of these products and services made aware that this data is used for building the model?","We define usage data notice as the proactive disclosure to users of how their data is used for model development. For example, via a pop-up with a description, a link to the privacy policy, or link to a description of company practices. ","""User Content: You may provide personal information in prompts and other content you input, such as files, images, audio, voice, video, and other material (â€œInputâ€). Outputs of the Service (â€œOutputâ€), including responses Grok generates, are based on your Input (together, ""User Content""). If you include personal information in Inputs you provide to the Service, this information may be reproduced in the Output.

How we may collect it: Directly from you.
How we may use it: To provide, analyze, and maintain our Service; to provide support and assistance in relation to our Service; to develop and improve our Service and to conduct research; to ensure the security and integrity of our Service; for legal purposes.
How we may disclose it: To our contracted service providers; in connection with business transfers, for legal purposes; and to our related companies.
Feedback Data: Where applicable, we will collect your Feedback (as defined in our Terms of Service). This might arise if, for example, in a given conversation with Grok, you rate an Output using the thumbs-up/thumbs-down icons.

How we may collect it: Directly from you.
How we may use it: To provide, analyze, and maintain our Service; to provide support and assistance in relation to our Service; to develop and improve our Service and to conduct research; to ensure the security and integrity of our Service; for legal purposes.
How we may disclose it: To our contracted service providers; in connection with business transfers, for legal purposes; and to our related companies."""
Licensed data sources,What are the top-5 sources (by volume) of licensed data acquired for building the model?,"We define a source as the entity from which the developer acquires data. For example, the Associated Press is reportedly a source of licensed data for OpenAI.",No information provided about data acquisition.
Licensed data compensation,"For each of the top-5 sources of licensed data, are details related to compensation disclosed?",We award this point if the model developer describes the compensation structure specified in the contract with the data source or indicates they are prohibited from sharing this information if contractually mandated.,No information provided about data acquisition.
New human-generated data sources,What are the top-5 sources (by volume) of new human-generated data for building the model?,"We define a source as the entity or means by which the developer acquires data. For example, Scale AI could be a source of new human-generated data. By new, we mean the data is specifically acquired for the purposes of building the model.",No information provided about data acquisition.
Instructions for data generation,"For each of the top-5 sources of human-generated data, what instructions does the developer provide for data generation?","The instructions should be those provided to the data source. For example, if a third-party vendor works directly with the data laborers to produce the data, the instructions from the developer to this vendor should be disclosed.",No information provided about data acquisition.
Data laborer practices,"For the top-5 sources of human-generated data, how are laborers compensated, where are they located, and what labor protections are in place?","For each data source, we require (i) the compensation in either USD or the local currency, (ii) any countries where at least 25% of the laborers are located, and (iii) a description of any labor protections. We will award this point if the developer discloses that it is not aware of data laborer practices.",No information provided about data acquisition.
Synthetic data sources,What are the top-5 sources (by volume) of synthetic data acquired for building the model?,We define a source of synthetic data as a non-human mechanism (e.g. a machine learning model) used to generate the data.,No information provided about data acquisition.
Synthetic data purpose,"For the top-5 sources of synthetically generated data, what is the primary purpose for data generation?",We define a source of synthetic data as a non-human mechanism (e.g. a machine learning model) used to generate the data.,No information provided about data acquisition.
Data processing methods,What are the methods the developer uses to process acquired data to determine the data directly used in building the model?,"We will award this point for disclosure of all of the methods used to process acquired data. Data processing refers to any method that substantively changes the content of the data. For example, compression or changing the data file format is generally not in the scope of this indicator.",No information provided about data processing.
Data processing purpose,"For each data processing method, what is its primary purpose?","Data processing refers to any method that substantively changes the content of the data. For example, compression or changing the data file format is generally not in the scope of this indicator.",No information provided about data processing.
Data processing techniques,"For each data processing method, how does the developer implement the method?","Data processing refers to any method that substantively changes the content of the data. For example, compression or changing the data file format is generally not in the scope of this indicator.",No information provided about data processing.
Data size,Is the size of the data used in building the model disclosed?,"To receive this point, the developer should report data size in appropriate units (e.g. bytes, words, tokens, images, frames) and broken down by modality. Data size should be reported to a precision of one significant figure (e.g. 4 trillion tokens, 200 thousand images). The size should reflect data directly used in building the model (i.e. training data) and not data that was acquired but unused, or data used to evaluate the model.",No information provided about data properties.
Data language composition,"For all text data used in building the model, what is the composition of languages?","To receive this point, the developer should report (i) all languages which make up at least 1% of the data and their corresponding proportions and (ii) a brief description of how languages are labeled (if a publicly available tool is used, include a link to the tool). Proportions should be reported to a precision of two significant figures and should describe proportions of documents labeled with some langauge. An ""Unknown"" category may be included to denote documents where the language could not be identified.",No information provided about data properties.
Data domain composition,"For all the data used in building the model, what is the composition of domains covered in the data?","To receive this point, the developer should report the composition of the main domains included in the data used to train the model. This data should be at a level of granularity lower than broad claims about training on ""internet data"". For example, this could include the proportion of data from e-commerce, social media, news, code, etc. based on the URLs from which the data is sourced. Proportions should be reported to a precision of one significant figure.",No information provided about data properties.
External data access,Does a third-party have direct access to the data used to build the model?,"By a third-party, we mean entities that are financially independent of the developer.  We will award this point if at least one such entity is named as having direct access to the data. With that said, we may award this point if the developer provides justifications for prohibiting access to narrowly-scoped parts of the data. ",No information found on training data access.
Data replicability,Is the data used to build the model described in enough detail to be externally replicable?,We will award this point if the description contains (i) a list of all publicly available training data and where to obtain it and (ii) a list of all training data obtainable from third parties and where to obtain it. These conditions refer to criteria 2 and 3 under the OSI Open Source AI v1.0 definition.,No information found on training data replicability.
Compute usage for final training run,Is the amount of compute used in the model's final training run disclosed?,"Compute should be reported in appropriate units, which most often will be floating point operations (FLOPs), along with a description of the measurement methodology, which may involve estimation. Compute should be reported to a precision of one significant figure (e.g. 5 x 10^25 FLOPs). This number should represent the compute used to train the final model across all model stages.","The most relevant document is the xAI Grok 3 press release. The relevant passage on training compute states: ""Trained on our Colossus supercluster with 10x the compute of previous state-of-the-art models, Grok 3... """
Compute usage including R&D,"Is the amount of compute used to build the model, including experiments, disclosed?","Compute should be reported in appropriate units, which most often will be floating point operations (FLOPs), along with a description of the measurement methodology, which may involve estimation. Compute should be reported to a precision of one significant figure (e.g. 7 x 10^26 FLOPs). Compared to the previous indicator, this indicator should include an estimation of the total compute used across experiments used towards the final training run for the model (such as including hyperparameter optimization or other experiments), and not just the final training run itself.","The most relevant document is the xAI Grok 3 press release. The relevant passage on training compute states: ""Trained on our Colossus supercluster with 10x the compute of previous state-of-the-art models, Grok 3... """
Development duration for final training run,Is the amount of time required to build the model disclosed?,"The amount of time should be specified in terms of both the continuous duration of time required and the number of hardware hours used. The continuous duration of time required to build the model should be reported in weeks, days, or hours to a precision of one significant figure (e.g. 3 weeks). The number of hardware hours should be reported to a precision of one significant figure and include the type of hardware hours. No form of decomposition into phases of building the model is required for this indicator, but it should be clear what the duration refers to (e.g. training the model, or training and subsequent evaluation and red teaming).","The most relevant document is the xAI Grok 3 press release. The relevant passage on training compute states: ""Trained on our Colossus supercluster with 10x the compute of previous state-of-the-art models, Grok 3... """
Compute hardware for final training run,"For the primary hardware used to build the model, is the amount and type of hardware disclosed?","In most cases, this indicator will be satisfied by information regarding the number and type of GPUs or TPUs used to train the model. The number of hardware units should be reported to a precision of one significant figure (e.g. 800 NVIDIA H100 GPUs). We will not award this point if (i) the training hardware generally used by the developer is disclosed, but the specific hardware for the given model is not, or (ii) the training hardware is disclosed, but the amount of hardware is not. We will award this point even if information about the interconnects between hardware units is not disclosed.","The most relevant document is the xAI Grok 3 press release and the xAI Colossus page. The relevant passage on training compute states: ""Trained on our Colossus supercluster with 10x the compute of previous state-of-the-art models, Grok 3... "" and Colossus page indicates, as of May 27, 2025, there are 200k GPUs. "
Compute provider,Is the compute provider disclosed?,"For example, the compute provider may be the model developer in the case of a self-owned cluster, a cloud provider like Microsoft Azure, Google Cloud Platform, or Amazon Web Services, or a national supercomputer. In the event that compute is provided by multiple sources or is highly decentralized, we will award this point if a developer makes a reasonable effort to describe the distribution of hardware owners.","The most relevant document is the xAI Grok 3 press release and the xAI Colossus page. The relevant passage on training compute states: ""Trained on our Colossus supercluster with 10x the compute of previous state-of-the-art models, Grok 3... "" and Colossus page indicates, as of May 27, 2025, there are 200k GPUs. "
Energy usage for final training run,Is the amount of energy expended in building the model disclosed?,"Energy usage should be reported in appropriate units, which most often will be megawatt-hours (mWh), along with a description of the measurement methodology, which may involve estimation. Energy usage should be reported to a precision of one significant figure (e.g. 500 mWh). No form of decomposition into compute phases is required, but it should be clear whether the reported energy usage is for a single model run or includes additional runs, or hyperparameter tuning, or training other models like reward models, or other steps in the model development process that necessitate energy usage. If the developer is unable to measure or estimate this quantity due to information not being available from another party (e.g. compute provider), we will award this point if the developer explicitly discloses what information it lacks and why it lacks it.",No information found on energy usage.
Carbon emissions for final training run,Is the amount of carbon emitted in building the model disclosed?,"Emissions should be reported in appropriate units, which most often will be tons of carbon dioxide emitted (tCO2), along with a description of the measurement methodology, which may involve estimation. Emissions should be reported to a precision of one significant figure (e.g. 500 tCO2). No form of decomposition into compute phases is required, but it should be clear whether the reported emissions is for a single model run or includes additional runs, or hyperparameter tuning, or training other models like reward models, or other steps in the model development process that generate emissions. If the developer is unable to measure or estimate this quantity due to information not being available from another party (e.g. compute provider), we will award this point if the developer explicitly discloses what information it lack and why it lacks it. Emissions should correspond with the energy used in the previous indicator.",No information found on environmental impacts.
Water usage for final training run,Is the amount of clean water used in building the model disclosed?,"Clean water usage should be in appropriate units, which most often will be megaliters, along with a description of the measurement methodology, which may involve estimation. Clean water usage should be reported to a precision of one significant figure (e.g., 5000ML). No form of decomposition into compute phases is required, but it should be clear whether the reported water usage is for a single model run or includes additional runs, or hyperparameter tuning, or training other models like reward models, or other steps in the model development process that necessitates water usage. If the developer is unable to measure or estimate this quantity due to information not being available from another party (e.g. compute provider), we will award this point if the developer explicitly discloses what information it lacks and why it lacks it.",No information found on environmental impacts.
Internal compute allocation,How is compute allocated across the teams building and working to release the model?,"To receive a point, the developer should provide the compute allocated to each team involved in training the model. We understand there might be no clear allocation of compute across different teams; in that case, report an estimate of the compute used over the last year. Compute allocation should be reported to at least one significant figure.",No information found on compute allocation.
Model stages,Are all stages in the model development process disclosed?,"Stages refer to each identifiable step that constitutes a substantive change to the model during the model building process. We recognize that different developers may use different terminology for these stages, or conceptualize the stages differently. We will award this point if there is a clear and complete description of these stages.",No information found on the model development process.
Model objectives,"For all stages that are described, is there a clear description of the associated learning objectives or a clear characterization of the nature of this update to the model?","We recognize that different developers may use different terminology for these stages, or conceptualize the stages differently. We will award this point if there is a clear description of the update to the model related to each stage, whether that is the intent of the stage (e.g. making the model less harmful), a mechanistic characterization (e.g. minimizing a specific loss function), or an empirical assessment (e.g. evaluation results conducted before and after the stage).",No information found on the model development process.
Code access,Does the developer release code that allows third-parties to train and run the model?,The released code does not need to match the code used internally. ,No information found on training code.
Organization chart,How are employees developing and deploying the model organized internally? ,"To receive a point, the developer should provide both the internal organization chart for the team developing the model as well as the headcounts (or a proportion of headcounts) by the team.",No information found on the organization chart.
Model cost,What is the cost of building the model?,"Monetary cost should be reported in appropriate currency (e.g. USD), along with the measurement methodology, which may involve estimation. Cost should be reported to a precision of one significant figure (e.g. 200 million USD). ",No information found on monetary costs of model training.
Basic model properties,Are all basic model properties disclosed?,"Basic model properties include: the input modality, output modality, model size, model components, and model architecture. To receive a point, all model properties should be disclosed. Modalities refer to the types or formats of information that the model can accept as input. Examples of input modalities include text, image, audio, video, tables, graphs. Model components refer to distinct and identifiable parts of the model. We recognize that different developers may use different terminology for model components, or conceptualize components differently. Examples include: (i) For a text-to-image model, components could refer to a text encoder and an image encoder, which may have been trained separately. (ii) For a retrieval-augmented model, components could refer to a separate retriever module. Model size should be reported in appropriate units, which generally is the number of model parameters, broken down by named component. Model size should be reported to a precision of one significant figure (e.g. 500 billion parameters for text encoder, 20 billion parameters for image encoder). Model architecture is the overall structure and organization of a foundation model, which includes the way in which any disclosed components are integrated and how data moves through the model during training or inference. We recognize that different developers may use different terminology for model architecture, or conceptualize the architecture differently; a sufficient disclosure includes any clear, though potentially incomplete, description of the model architecture.","Input modality: Text
Output modality: Text
Model components: n/a
Model size: n/a
Model architecture: n/a"
Deeper model properties,Is a detailed description of the model architecture disclosed?,"To receive a point, the model architecture should be described in enough detail to allow for an external entity to fully implement the model. Publicly available code or a configuration file for a model training library (e.g., GPT-NeoX) would be a sufficiently detailed description.",
Model dependencies,Is the model(s) the model is derived from disclosed?,"We will award this point for a comprehensive disclosure of the model or models on which the foundation model directly depends on or is derived from, as well as the method by which it was derived (e.g., through fine tuning, model merging, or distillation). Additionally, we will award a point if the developer discloses that the model is not dependent on or derived from any model.",
Benchmarked inference,Is the compute and time required for model inference disclosed for a clearly-specified task on clearly-specified hardware?,The duration should be reported in seconds to a precision of one significant figure (e.g. 0.002 seconds). Compute usage for inference should be reported in FLOPs/second to a precision of one significant figure (e.g. 5 x 10^21 FLOPs/second). The hardware in this evaluation need not be the hardware the developer uses for inference. The developer can report this figure over some known or public dataset.,
Researcher credits,Is a protocol for granting external entities API credits for the model disclosed?,"A model credit access protocol refers to the steps, requirements, and considerations involved in granting credits to external entities. We will award this point if the developer discloses key details of its protocol, including (i) where external entities can request access to credits (e.g. via an access request form); (ii) explicit criteria for selecting external entities; and (iii) its policy on granting a transparent decision on whether access has been granted within a specified, reasonable period of time. Additionally, we will award a point if the developer discloses that it does not grant external entities API credits.",
Specialized access,Does the developer disclose if it provides specialized access to the model?,"Specialized access could include several categories, such as early access, subsidized access, or deeper access (e.g., to model weights or checkpoints, that are not publicly available). We will award this point if the developer discloses (i) if it provides specialized access and (ii) statistics on the number of users granted access across academia, industry, non-profits, and governments, to one significant figure.",
Open weights,Are the model's weights openly released?,"To receive this point, model weights need to be publicly available at no cost. Developers may receive this point even if there are some restrictions on the external entities that are permitted access (e.g. geographic restrictions), insofar as these restrictions are transparent (e.g. via a license or some high-level description of who has been granted access to the foundation model).",
Agent Protocols,Are the agent protocols supported for the model disclosed?,"Agent protocols are specifications that define how autonomous agents exchange messages, context, or function calls with other agents, tools, or services (e.g., Anthropicâ€™s Modelâ€¯Contextâ€¯Protocolâ€¯(MCP) and Googleâ€™s Agentâ€‘toâ€‘Agentâ€¯(A2A) spec). To earn this point, documentation must enumerate each protocol and describe any deviations or proprietary extensions. ",
Capabilities taxonomy,Are the specific capabilities or tasks that were optimized for during post-training disclosed?,"Capabilities refer to the specific and distinctive functions that the model can perform. We recognize that different developers may use different terminology for capabilities, or conceptualize capabilities differently. We will award this point for a list of capabilities specifically optimized for in the post-training phase of the model, even if some of the capabilities are not reflected in the final model.","General capability areas mentioned: reasoning, mathematics, coding, world knowledge, instruction-following (URL: https://x.ai/news/grok-3)
Reinforcement learning used for chain-of-thought reasoning optimization (URL: https://x.ai/news/grok-3)
Enterprise API features mentioned: tool use, code execution, advanced agent capabilities (URL: https://x.ai/news/grok-3)
API model descriptions mention data extraction, programming, text summarization, multimodal processing (URL: https://x.ai/api)"
Capabilities evaluation,Does the developer evaluate the model's capabilities prior to its release and disclose them concurrent with release?,"The evaluations must contain precise quantifications of the model's behavior in relation to the capabilities specified in the capabilities taxonomy. We will award this point for any clear, but potentially incomplete, evaluation of multiple capabilities.","https://x.ai/news/grok-3
Contains results for a bunch of standard public benchmarks: GPQA, LCB, MMMU, MMLU-Pro, LOFT, SimpleQA, EgoScheme + AIME + Chatbot Arena
"
External reproducibility of capabilities evaluation,Are code and prompts that allow for an external reproduction of the evaluation of model capabilities disclosed?,"The released code and prompts need not be the same as what is used internally, but should allow the developer's results on all capability evaluations to be reproduced. The released code must be open source, following the OSI definition of open source.",Most results are from public benchmarks (except for AIME.)
Train-test overlap,Does the developer measure and disclose the overlap between the training set and the dataset used to evaluate model capabilities?,"We will award this point if, with every capability evaluation for which the developer reports results, the developer reports the overlap between the training set of the model and the dataset used for evaluation, as well as the general methodology for computing train-test overlap (e.g. a description of how n-gram matching was used). ",
Risks taxonomy,Are the risks considered when developing the model disclosed?,"Risks refer to possible negative consequences or undesirable outcomes that can arise from the model's deployment and usage. These consequences or outcomes may arise from model limitations (functions that the model cannot perform) or issues with the model's trustworthiness (e.g., its lack of robustness, reliability, calibration). We recognize that different developers may use different terminology for risks, or conceptualize risks differently. We will award this point for a complete list of risks considered, even if some of the risks are not reflected in the final model.","Following our RMF (Risk Management Framework) release last week, we are particularly interested in accelerating progress in scalable oversight and adversarial robustness during training."
Risks evaluation,Does the developer evaluate the model's risks prior to its release and disclose them concurrent with release?,The evaluations must contain precise quantifications of the model's behavior in relation to the risks specified in the risk taxonomy. We will award this point for clear evaluations of the majority of the states risks.,"On risk benchmarks: ""we intend to regularly evaluate the adequacy and reliability of such benchmarks, including by comparing them against other benchmarks that we could potentially utilize."" (Grok RMF)"
External reproducibility of risks evaluation,Are code and prompts to allow for an external reproduction of the evaluation of model risks disclosed?,"The released code and prompts need not be the same as what is used internally, but should allow the developer's results on all risk evaluations to be reproduced. The released code must be open-source, following the OSI definition of open-source.",
Pre-deployment risk evaluation,Are the external entities have evaluated the model pre-deployment disclosed?,"By external entities, we mean entities that are significantly or fully independent of the developer. We will award this point if the developer specifies the entity that carried out the pre-deployment analysis, discloses the terms of the analysis (such as conditions for releasing the evaluation results or the developer's control over the final results), as well as any financial transaction between the parties. We will award this point if the developer discloses no external entities have evaluated the model pre-deployment, or discloses only terms of the analysis where it is not bound by NDA while still naming all external entities.","""As an additional measure to enhance safety, we will subject Grok to adversarially testing its safeguards utilizing both internal and qualified external red teams."" (Grok RMF)"
External risk evaluation,Are the parties contracted to evaluated model risks disclosed?,"We will award this point if the developer discloses statistics regarding all contracted parties that are responsible for evaluating risks (not limited to external entities or pre-deployment evaluation). This includes the number of contracted for-profit or non-profit entities, government entities, independent contractors, and researchers contracted by the developer to evaluate risks. We will award this point if the developer discloses it has no such contracts.",
Mitigations taxonomy,Are the post-training mitigations implemented when developing the model disclosed?,"By post-training mitigations, we refer to interventions implemented by the developer during the post-training phase to reduce the likelihood and/or the severity of the modelâ€™s risks. We recognize that different developers may use different terminology for mitigations, or conceptualize mitigations differently. We will award this point for a complete list of mitigations considered, even if some of the mitigations are not reflected in the final model. Alternatively, we will award this point if the developer reports that it does not mitigate risk in this way.","""Examples of safeguards or mitigations we may potentially utilize to achieve our safety objectives include: â— Refusal training: Training Grok to decline harmful requests. â— Circuit breakers: Using representation engineering to interrupt model representations responsible for hazardous outputs. â— Input and output filters: Applying classifiers to user inputs or model outputs to verify safety when Grok is queried regarding weapons of mass destruction or cyberterrorism."" (Grok RMF)"
Mitigations taxonomy mapped to risk taxonomy,Does the developer disclose how the post-training mitigations map onto the taxonomy of risks?,"We will award this point for a complete mapping of the primary risk that each mitigation is meant to address, even if the mitigation potentially maps on to other risks in the taxonomy. Alternatively, we will award this point if the developer reports that it does not mitigate risk.",
Mitigations efficacy,Does the developer evaluate and disclose the impact of post-training mitigations?,"We will award this point if the developer discloses the results on the risk evaluations before and after the post-training mitigations are applied. Alternatively, we will award this point if the developer reports that it does not mitigate risk in this way.",
External reproducibility of mitigations evaluation,Are code and prompts to allow for an external reproduction of the evaluation of post-training mitigations disclosed?,"The released code and prompts need not be the same as what is used internally, but should allow the developer's results on all mitigations evaluations to be reproduced. The released code must be open-source, following the OSI definition of open-source. Alternatively, we will award this point if the developer reports that it does not mitigate risk.",
Model theft prevention measures,Does the developer disclose the security measures used to prevent unauthorized copying (â€œtheftâ€) or unauthorized public release of the model weights?,"This indicator assesses the developer's disclosures regarding how it addresses the risk that malicious actors or insiders could exfiltrate or replicate proprietary weights. Security measures could include insider threat analysis and detection, in addition to external threat management. Examples of such measures include encryption at rest, key management, remote attestation, or auditing for suspicious queries. We will award a point if the developer discloses specific steps taken to safeguard the model weights or that none are implemented.","General cybersecurity measures: https://x.ai/security

Security measures for user data: https://x.ai/legal/data-processing-addendum"
Release stages,Are the stages of the model's release disclosed?,"Release stages include A/B testing, release on a user-facing product, GA release, open-weight release, etc.  We recognize that the release of a foundation model falls along a spectrum, with many forms of partial release, and that different developers may conceptualize release differently. We will award a point if the developer provides a clear identification of the stages through which the model was released.","""We are thrilled to unveil an early preview of Grok 3, our most advanced model yet, blending superior reasoning with extensive pretraining knowledge."" 

""In the coming weeks, we will release Grok 3 and Grok 3 mini via our API platform, offering access to both the standard and reasoning models. DeepSearch will also be released to Enterprise partners via our API.""

""Grok 3â€™s training is ongoing, with frequent updates planned over the next few months. We are excited to roll out new features in the Enterprise API, including tool use, code execution, and advanced agent capabilities. Following our RMF (Risk Management Framework) release last week, we are particularly interested in accelerating progress in scalable oversight and adversarial robustness during training. Grok 3 is now available to ð• Premium and Premium+ users on ð• and Grok.com. ð• Premium+ users will also immediately gain access to Think and DeepSearch. In addition, Grok 3 capabilities are being rolled out to all Grok users with usage limits. ð• Premium+ users will have higher limits and access to advanced capabilities."""
Risk thresholds,Are risk thresholds disclosed?,"Risk thresholds determine when a risk level is unacceptably high to a developer (e.g. leading to the decision to not release a model), moderately high (e.g. triggering additional safety screening), or low enough to permit normal usage.

We will award this point if the developer discloses explicit risk thresholds that clarify (i) which harmful outcomes are being scored, (ii) how the scores are computed (in general terms, not necessarily disclosing internal algorithms), and (iii) what triggers an action to block, delay, or otherwise modify a model's release. 

Alternatively, we will award a point if the developer discloses that it does not consider explicit risk thresholds during model release. ","Page 3, Grok RMF 

""We intend to choose the benchmarks and set the thresholds for reducing malicious use risks in a future version of the risk management framework."""
Versioning protocol,Is there a disclosed protocol for versioning and deprecation of the model?,"We will award a point if the developer discloses how model versions are labeled, updated, deprecated, and communicated to users.",
Change log,Is there a disclosed change log for the model?,"We will award a point if the developer publishes a version-by-version record of new features, fixes, or performance improvements.","https://docs.x.ai/docs/release-notes#what's-new 
 
""Live Search is available on API Live search is now available on API. Users can generate completions with queries on supported data sources."""
Foundation model roadmap,"Is a forward-looking roadmap for upcoming models, features, or products disclosed?","A foundation model roadmap is a transparent statement about how the developer intends to evolve or expand its LLM offerings, including upcoming models, major feature releases, or expanded products based on the model, along with approximate timelines or version milestones. It can be high-level (e.g., â€œnew model Q2 2025â€), but must exist publicly.","""As AI capabilities advance and expand our understanding of the universe, xAI is developing our AI systems to take into account safety and security. This is the first draft iteration of xAIâ€™s risk management framework that we expect to apply to future models not currently in development. We plan to release an updated version of this policy within three months.""

""Whatâ€™s Next for Grok 3? Grok 3â€™s training is ongoing, with frequent updates planned over the next few months. We are excited to roll out new features in the Enterprise API, including tool use, code execution, and advanced agent capabilities. Following our RMF (Risk Management Framework) release last week, we are particularly interested in accelerating progress in scalable oversight and adversarial robustness during training. Grok 3 is now available to ð• Premium and Premium+ users on ð• and Grok.com. ð• Premium+ users will also immediately gain access to Think and DeepSearch. In addition, Grok 3 capabilities are being rolled out to all Grok users with usage limits. ð• Premium+ users will have higher limits and access to advanced capabilities.""

"
Top distribution channels,Are the top-5 distribution channels for the model disclosed?,"We define distribution channels to be either an API provider (a pathway by which users can query the model with inputs and receive outputs) or a model distributor (a pathway by which model weights are released). We recognize that distribution channels may arise without the knowledge of the model developer. For example, the weights of a model may be released through one distribution channel and then be distributed through other channels.

Distribution channels can be ranked by any reasonable metric (e.g., number of queries, number of downloads, number of users, revenue). A description of the metric should be provided.

API providers and model distributors may be ranked separately using different metrics as long as the total number of distribution channels equals five (if five distribution channels exist). For example, the developer may choose to disclose the top-3 API providers (ranked by the number of queries) and the top-2 model distributors (ranked by the number of downloads).","""Grok 3â€™s training is ongoing, with frequent updates planned over the next few months. We are excited to roll out new features in the Enterprise API, including tool use, code execution, and advanced agent capabilities. Following our RMF (Risk Management Framework) release last week, we are particularly interested in accelerating progress in scalable oversight and adversarial robustness during training. Grok 3 is now available to ð• Premium and Premium+ users on ð• and Grok.com. ð• Premium+ users will also immediately gain access to Think and DeepSearch. In addition, Grok 3 capabilities are being rolled out to all Grok users with usage limits. ð• Premium+ users will have higher limits and access to advanced capabilities."
Quantization,Is the quantization of the model served to customers in the top-5 distribution channels disclosed?,We will award this point for a disclosure of the model precision in each of the top-5 distribution channels. ,
Terms of use,Are the terms of use of the model disclosed?,"We define terms of use to include terms of service and model licenses. We will award this point for a pointer to the terms of service or model license.

In the event that model's licenses are written more generally, it should be clear which assets they apply to. We recognize that different developers may adopt different business models and therefore have different types of model licenses. Examples of model licenses include responsible AI licenses, open-source licenses, and licenses that allow for commercial use.

Terms of service should be disclosed for each of the top-5 distribution channels. However, we will award this point if there are terms-of-service that appear to apply to the bulk of the modelâ€™s distribution channels.","XAI terms of service (consumer)
XAI terms of service (enterprise)
"
Distribution channels with usage data,What are the top-5 distribution channels for which the developer has usage data?,"We define distribution channels to be either an API provider (a pathway by which users can query the model with inputs and receive outputs) or a model distributor (a pathway by which model weights are released). We recognize that distribution channels may arise without the knowledge of the model developer. For example, the weights of a model may be released through one distribution channel and then be distributed through other channels. 

Distribution channels can be ranked by any reasonable metric (e.g., number of queries, number of downloads, number of users, revenue). A description of the metric should be provided.


We define usage data as any form of developer-exclusive data collected from any of a developer's distribution channel. A developer has access to usage data from a distribution channel if it is able to use that data for downstream purposes (e.g., analytics, training etc.). Usage data may be shared outside of the developer, but it is initially collected by the distribution channel and shared to the developer.","xAI discloses how it can use data from users, for example the prompts into Grok"
Amount of usage,"For each of the top-5 distribution channels, how much usage is there?","Usage should be reported as the number of queries over the span of a month, reported to the precision of one significant figure (e.g., 50 million queries).",No information provided
Classification of usage data,"Is a representative, anonymized dataset classifying queries into usage categories disclosed?","Developers may either share a fully public dataset or a partially restricted dataset (e.g., under a research license). We will award this point if there is a clear, aggregated or sample dataset that reveals categories of tasks/queries.",No information provided
Data retention and deletion policy,Is a policy for data retention and deletion disclosed?,"A data retention and deletion policy is a policy for removing particular data from the training set and/or preventing it from being used if there is a user or external request (e.g., â€œright to be forgottenâ€) that also covers internal data governance. This includes whether there is a formal process to delete or retract data from future training runs and how long raw data is retained. It also clarifies how quickly deletions propagate to the model (e.g., â€œonly in subsequent major model releasesâ€).","The length of time we retain data may depend on the features or settings you use. For example, when Private Chat is turned on, conversations will not appear in your conversation history and your conversations will be deleted from xAI systems within 30 days unless it is necessary that they be kept longer for legal, compliance, or safety purposes. Further, if you choose to delete any or all of your conversations or if you choose to delete your account, we will delete the data within 30 days unless it is necessary to retain the data for legal, compliance, or safety purposes.

On business users: 
> For how long is business data retained?
Inputs and outputs are automatically deleted within 30 days, unless (a) otherwise agreed in writing, (b) xAI is legally required to retain them because, for example, they are flagged as potentially violating our Terms of Service or AUP.

"
Geographic statistics,"Across all forms of downstream use, are statistics of model usage across geographies disclosed?","We will award this point if there is a meaningful, though potentially incomplete or vague, disclosure of geographic usage statistics at the country-level.",No information found
Internal products and services,What are the top-5 internal products or services using the model?,"An internal product or service is a product or service built by the developer. Products or services can be ranked by any reasonable metric (e.g., number of users, queries, revenue). A description of the metric should be provided.","Grok 3 is available on X (Twitter) platform for Premium and Premium+ users (URL: https://x.ai/news/grok-3)
Grok.com website provides access to Grok 3 (URL: https://x.ai/grok)
iOS and Android mobile apps mentioned as access points (URL: https://x.ai/)
xAI API provides programmatic access to Grok models (URL: https://x.ai/api)
Enterprise API mentioned for business customers (URL: https://x.ai/enterprise-api)
Risk Management Framework mentions internal AI usage assessment but no specific metrics (URL: https://x.ai/documents/2025.02.20-RMF-Draft.pdf)"
External products and services,What are the top-5 external products or services using the model?,"An external product or service is a product or service built by a party external to the developer. Products or services can be ranked by any reasonable metric (e.g., number of users, queries, revenue). A description of the metric should be provided.

We will award a point if the developer discloses that that it does not have access to such metrics about external products or services.",No information provided
Users of internal products and services,How many monthly active users are there for each of the top-5 internal products or services using the model?,"An internal product or service is a product or service built by the developer. The number of users refers to users who engaged or interacted with the model through the internal product or service over the last month or averaged over the last X months (this should be specified). Number of users should be specified to one significant figure (e.g. 100,000).",No information provided
Consumer/enterprise usage,"Across all distribution channels for which the developer has usage data, what portion of usage is consumer versus enterprise?","Consumer usage refers to usage by individual consumers. Enterprise usage refers to usage by enterprise customers (including government use). Consumer and enterprise usage should be calculated in terms of the number of queries by or the amount of revenue from consumer or enterprise users. Percentages should be specified to two significant digits (e.g., 12% consumer, 88% enterprise).",No information provided
Enterprise users,"Across all distribution channels for which the developer has usage data, what are the top-5 enterprises that use the model?",Enterprises should be ranked by the number of queries made or the amount of revenue from usage since the model's release. We will also award this point if the developer indicates it does not have access to enterprise usage data.,No information provided
Government use,What are the 5 largest government contracts for use of the model?,"This includes known government contracts of enterprise or government-specific products and services that use the model. We will award this point if the developer discloses its top five government contracts ranked monetary value, though the developer may omit contracts where it is under NDA regarding the existence of the contract.",No information provided
Benefits Assessment,Is an assessment of the benefits of deploying the model disclosed?,We will award this point for any quantitative assessment of the benefits or potential benefits of deploying the model.,No information provided
AI bug bounty,Does the developer operate a public bug bounty or vulnerability reward program under which the model is in scope? ,"We will award this point for a publicly documented bug bounty or vulnerability reward program describing (i) in-scope vulnerabilities (e.g., prompt bypasses, data leaks), (ii) out-of-scope items, (iii) submission process, and (iv) reward tiers or recognition if applicable. We will award a point if the developer discloses it has no AI bug bounty that encourages external researchers to report security, privacy, or adversarial vulnerabilities in the model.","Bug bounty via hackerone,  email vulnerabilities@x.ai"
Responsible disclosure policy,Does the developer clearly define a process by which external parties can disclose model vulnerabilities or flaws? ,"We will award this point for a description of the process external parties can use for responsbly disclosing model vulnerabilities and flaws, which should include (i) what mechanism external parties can use to disclose vulnerabilities or flaws (e.g., a form, an email) and (ii) what process follows a disclosure (e.g., how much time must parties wait until public release). This is often included with a bug bounty, but can also be standalone. We will award a point if the developer discloses it has no responsible disclosure policy.","Bug bounty only, email vulnerabilities@x.ai"
Safe harbor,Does the developer disclose its policy for legal action against external evaluators conducting good-faith research? ,"We will award this point if the developer discloses whether it has a policy committing it to not pursue legal action against external evaluators conducting good-faith research. This should not be only for software security vulnerabilities, but also AI flaws, and it should be based on researcher conduct standards, not at the sole discretion of the company. We will award this point if the developer provides a clear description of its policy regarding such protections for external researchers, or lack thereof. ","Bug bounty only, email vulnerabilities@x.ai"
Security incident reporting protocol,Are major security incidents involving the model disclosed? ,"A security incident reporting protocol provides post-deployment transparency about serious incidents or breaches. Security incidents refer to incidents where external security threats affect the model (e.g., data breaches or DDoS attacks on the service). We will award this point if the developer states (i) how to submit a security incident report, (ii) how quickly it will respond, and (iii) when and whether results are disclosed.

Every incident need not be reported publicly, but the developer must disclose a policy determining how incidents are reported and disclosed.",Commits to 48 hour notification for data incidents https://x.ai/legal/data-processing-addendum
Misuse incident reporting protocol,Are misuse incidents involving the model disclosed? ,"A misuse incident reporting protocol provides post-deployment transparency about incidents of misuse involving the model. As opposed to the previous indicator, this indicator is about actors misusing the model to cause real-world harm, such as misinformation operations or cybersecurity attacks. We will award this point if the developer states (i) how to submit a misuse incident report, (ii) how quickly it will respond, and (iii) when and whether results are disclosed.

Every incident need not be reported publicly, but there needs to be a policy governing how incidents are reported.",No information provided
Post-deployment coordination with government,Does the developer coordinate evaluation with government bodies?,"We will award this point if the developer specifies which government bodies it is coordinating with and for what types of post-deployment evaluations. Government bodies include AI Safety Institutes, national security agencies, national labs, and international governmental enties such as UN agencies or the G7. Evaluation here may also include sharing of the developer's proprietary evaluation results for help with interpretation. ","For transparency and third-party review, we may publish the following types of information listed below. However, to protect public safety, national security, and our intellectual property, we may redact information from our publications. We may provide relevant and qualified external red teams or government agencies unredacted versions."
Feedback mechanisms,"Does the developer disclose a way to submit user feedback? If so, is a summary of major categories of feedback disclosed?","We will award this point if the developer (i) discloses how users can submit feedback (e.g., via a form or a thumbs up/thumbs down for model responses) and (ii) discloses aggregated or categorized feedback data (e.g. a categorization of thumbs up and thumbs down data). ",Thumbs up/thumbs down feedback mechanism mentioned in X help documentation 
"Permitted, restricted, and prohibited model behaviors","Are model behaviors that are permitted, restricted, and prohibited disclosed?","We refer to a policy that includes this information as a model behavior policy, or a developer's policy on what the foundation model can and cannot do (e.g. such a policy may prohibit a model from responding to NSFW content). We recognize that different developers may adopt different business models and that some business models may make enforcement of a model behavior policy more or less feasible. We will award this point if at least two of the three categories (i.e. permitted, restricted, and prohibited model behaviors) are disclosed. Alternatively, we will award this point if the developer reports that it does not impose any restrictions on its model's behavior in this way.","""While we have taken measures to limit undesirable training data and outputs, depending on the features that you choose to use, the Service could produce output that is not appropriate for all ages. For instance, if users choose certain features or choose to input suggestive or coarse language, Grok may respond with some dialogue that may involve coarse language, crude humor, sexual situations, or violence. We urge parents to exercise care in monitoring the use of Grok by their teenagers. Moreover, parents or guardians who choose to use certain features of Grok to aid in their interactions with their children, including regarding educational, enlightening, or entertaining discussions they have with their children, must make use of the relevant data controls in the Settings provided in the Grok apps to select the appropriate features and limitations for their needs."""
Model response characteristics,Are desired model response characteristics disclosed?,"Model response characteristics include default behaviors or behaviors that the developer steers the model to take. These may include being helpful, taking an objective point of view, or using tools only when necessary. We will award points for a clear description of desired model response characteristics or a statement that there are no such characteristics.","""Inspired by the Hitchhiker's Guide to the Galaxy, Grok is a maximally truth-seeking AI that provides insightful, unfiltered truths about the universe."""
System prompt,Is the default system prompt for at least one distribution channel disclosed?,A system prompt is defined as the prompt provided to the system by default that guides the system's behavior. We will award this point for the disclosure of the verbatim text of the full system prompt as well as an explanation for the context in which the system prompt is used.,xAI provides a repository for Grok prompts
Intermediate tokens,Are intermediate tokens used to generate model outputs available to end users? ,"Intermediate tokens are defined as any tokens generated by the model before the final output is shown to the user, such as model chains of thought. We will also award this point if a summary of intermediate tokens is made available to end users. If intermediate tokens or summaries are not made available, the developer should provide a justification.","""To use Grok 3â€™s reasoning capabilities, just press the Think button. Grok 3 (Think)â€™s mind is completely open, allowing users to inspect not only the final answer but the reasoning process of the model itself. We have found that Grok 3 (Think)'s performance generalizes across diverse problem domains. Here are some Grok 3 reasoning examples."""
Internal product and service mitigations,"For internal products or services using the model, are downstream mitigations against adversarial attacks disclosed?","An internal product or service is a product or service built by the developer. Adversarial attacks include prompt injection, jailbreaking, or malicious queries. Mitigations against adversarial attacks might include specialized prompt filtering, content scanning, or real-time monitoring of queries or accounts. We will award this point if the developer discloses a clear statement of methods used (e.g., a specialized prompt sanitizer or adversarial pattern detector), or if the developer states it does not implement such product-level mitigations against adversarial attacks.","We want Grok to comply with its guiding principles, robustly resisting attempted manipulation
and adversarial attacks. We train Grok to robustly refuse to comply with requests to provide
assistance with highly injurious malicious use.
Examples of safeguards or mitigations we may potentially utilize to achieve our safety objectives
include:
â— Refusal training: Training Grok to decline harmful requests.
â— Circuit breakers: Using representation engineering to interrupt model representations
responsible for hazardous outputs.5
â— Input and output filters: Applying classifiers to user inputs or model outputs to verify
safety when Grok is queried regarding weapons of mass destruction or cyberterrorism."
External developer mitigations,Does the developer provide built-in or recommended mitigations against adversarial attacks for downstream developers?,"Downstream developers are developers who access the model through a distribution channel. Adversarial attacks include prompt injection, jailbreaking, or malicious queries. Mitigations against adversarial attacks that developers might build in or recommend include content filtering endpoints and recommended prompt templates. We will award this point if the developer discloses (i) technical mitigations (e.g., a developer provided moderation API or classifier) it offers or implements, (ii) recommended best practices or libraries for downstream developers, or (iii) an explicit statement that it does not build or recommend any particular downstream mitigations in this way.. ",No information provided
Enterprise mitigations,Does the developer disclose additional or specialized mitigations for enterprise users?,"Enterprise users are, for example, large organizations with dedicated service agreements or users of enterprise-specific API deployments or products and services. Additional or specialized mitigations may address enterprise needs such as data privacy controls, advanced prompt/response monitoring, or compliance checks with regulations such as GDPR or HIPAA. Additional or specialized mitigations may include single-tenant deployments, custom filters for specific regulated industries, or advanced logging for compliance. We will award a point if the developer at least describes these mitigations or states that it does not provide such additional or specialized enterprise mitigations.","Data Processing Addendum (DPA) automatically incorporated into Enterprise Terms for GDPR, CCPA, VCDPA, Colorado Privacy Act compliance
HIPAA compliance support with Business Associate Agreement (BAA) available upon request through BAA Questionnaire 
Suite of Privacy tools to help organizations comply with HIPAA, GDPR, and CCPA regulations; Enterprise platform with Single Sign-On (SSO) support for SAML-based Identity Providers, team management capabilities, and access management roles; 90-day audit trail for Business Tier accounts with exportable audit logs via admin console "
Detection of machine-generated content,Are mechanisms that are used for detecting content generated by this model disclosed?,"A mechanism for detecting machine-generated content might include storing a copy of all outputs generated by the model to compare against, implementing a watermark on model outputs, adding cryptographic metadata (such as C2PA), or training a detector post-hoc to identify such content. We will award this point if any such mechanism is disclosed or if the developer reports that it does not have or use any such mechanism.","xAI Brand Guidelines require attribution when using Grok-generated content

xAI Acceptable Use Policy mentions transparency requirements about AI-generated content "
Documentation for responsible use,Does the developer provide documentation for responsible use by downstream developers?,"To receive a point, the developer should provide documentation for responsible use. This might include details on how to adjust API settings to promote responsible use, descriptions of how to implement mitigations, or guidelines for responsible use. We will also award this point if the developer states that it does not provide any such documentation. For example, the developer might state that the model is offered as is and downstream developers are accountable for using the model responsibly.",No information provided
Permitted and prohibited users,Is a description of who can and cannot use the model on the top-5 distribution channels disclosed?,We will award this point for a description of the company's policies for permitted and prohibitted users on its top-5 distribution channels. We will award this point if the developer has a more general acceptable use policy that it confirms applies across these distribution channels. We will award this point if there are no restrictions on users.,"Grok is not directed to children or minors under the age of 13. You must confirm that you are at least 13 years old to use Grok. If you are a teenager between the ages of 13 and 17 years old, you must have your parent or legal guardianâ€™s permission to use Grok, and they must agree to our Terms of Service. While we have taken measures to limit undesirable training data and outputs, depending on the features that you choose to use, the Service could produce output that is not appropriate for all ages."
"Permitted, restricted, and prohibited uses","Which uses are explicitly allowed, conditionally permitted, or strictly disallowed under the acceptable use policy for the top-5 distribution channels?","We will award this point for a rough characterization of two or more of permitted, restricted, and prohibited uses across the top-5 distribution channels. We will award this point if the developer has a more general acceptable use policy that it confirms applies across these distribution channels. We will award this point if there are no restrictions on users.","You are free to use our Service as you see fit so long as you use it to be a good human, act safely and responsibly, comply with the law, do not harm people, and respect our guardrails:

Comply with the law. For example, donâ€™t use our Service or Outputs to promote or engage in illegal activities, including:

Violating copyright, trademark, or other intellectual property law
Violating a personâ€™s privacy or their right to publicity
Depicting likenesses of persons in a pornographic manner
The sexualization or exploitation of children
Operating in a regulated industry or region without complying with those regulations
Defrauding, defaming, scamming, or spamming
Espionage, spying, stalking, hacking, doxing, or phishing
Do not harm people or property. This prohibition includes things like using our Service or Outputs to:

Critically harm or promoting critically harming human life (yours or anyone elseâ€™s)
Take unauthorized actions on behalf of others
Develop bioweapons, chemical weapons, or weapons of mass destruction
Destroy property
Respect guardrails and donâ€™t mislead. Donâ€™t circumvent safeguards unless you are part of an official Red Team or otherwise have our official blessing. Donâ€™t mislead people as to the nature and source of Outputs, including images. You should be transparent and disclose your use of AI assistance and potential limitations, as applicable.

We report suspected child sexual abuse material to the National Center for Missing and Exploited Children."
AUP enforcement process,What are the methods used by the developer to enforce the acceptable policy?,"We will award this point if the developer discloses the processes (automated or manual) it uses to detect, review, and respond to potential acceptable use policy violations. We will award this point for a reasonable best-effort attempt to provide the bulk of this information, though one line indicating the developer reserves the right to terminate accounts is insufficient. Alternatively, we will award this point if the developer reports that it does not use such methods to enforce its acceptable use policy.","xAI may use automated content classifiers and safety tools to better understand how our services are used and to ensure our Terms of Service and Acceptable Use Policy are not being violated.

A limited number of our authorized personnel may review your conversations with Grok for specific business purposes, including improving model performance, investigating security incidents and potential misuse of our services, and complying with our legal obligations. For more information, see our Consumer Terms and Privacy Policy"
AUP enforcement frequency,Are statistics on the developer's AUP enforcement disclosed?,"We will award this point if the developer discloses enforcement statistics (e.g., violation counts or actions taken) from its enforcement of its acceptable use policy. Alternatively, we will award this point if the developer reports that it does not enforce its acceptable use policy.",No information provided
Regional policy variations,Are differences in the developer's acceptable use or model behavior policy across geographic regions disclosed?,"We will award this point if the developer discloses distinctions in its AUP or MBP and provides examples of differences in multiple specific regions, or states that no differences exist. For example, some jurisdictions impose content restrictions beyond those in the developerâ€™s global policy that may necessesitate local deviations.",xAI maintains a privacy policy page that applies to Europe
Oversight mechanism,Does the developer have an internal or external body that reviews core issues regarding the model prior to deployment?,"We will award this point if the developer discloses that is has such an internal or external body and provides some description of its scope, or alternatively if the developer discloses that it has no such body. An oversight mechanism covers governance structure beyond mere external risk evaluation, asking whether a formal body regularly reviews design and deployment decisions. Core issues may include model objectives, data usage, or risk mitigation.",No information provided
Whistleblower protection,Does the developer disclose a whistleblower protection policy?,"We will award this point if the developer discloses (i) the existence of a whistleblower protection policy, (ii) what protections are afforded to whistleblowers, (iii) how reports are handled and investigated, and (iv) any external oversight of the whistleblower protection process. This might include protections for whistleblowers who report safety, ethical, or legal concerns related to the model. We will also award this point if the developer discloses that it has no such policy.","Internally, we will allow xAI employees to anonymously report concerns about noncompliance, with protections from retaliation."
Government commitments,What commitments has the developer made to government bodies?,We will award this point if the company provides an exhaustive list of commitments it has made to government bodies in the jurisdictions where it offers its model.,No information provided
